<?xml version="3.3.1" encoding="UTF-8" standalone="yes"?>
<addon id="plugin.video.darklegion.Nexus" name="[B][COLOR yellow]D[/COLOR][/B][B][COLOR lime]a[/COLOR][/B][B][COLOR yellow]R[/COLOR][/B][B][COLOR lime]k[/COLOR][/B][B][COLOR yellow]L[/COLOR][/B][B][COLOR lime]e[/COLOR][/B][B][COLOR yellow]G[/COLOR][/B][B][COLOR lime]i[/COLOR][/B][B][COLOR yellow]O[/COLOR][/B][B][COLOR lime]n[/COLOR][/B] [B][COLOR cyan]NeXuS[/COLOR][/B] [B][COLOR lime]V_3.3.0[/COLOR][/B]" version="3.3.0" provider-name="[B][COLOR yellow]DARK_LEGION_PRODUCTION[/COLOR][/B]"> 
<requires>
    <import addon="xbmc.python" version="3.0.0"/>
    <import addon="script.module.requests"/>
    <import addon="script.module.simplejson"/>
	<import addon="script.module.kodi-six" />
</requires>  
<extension point="xbmc.python.pluginsource" library="dlp.py">
	<provides>video</provides>
</extension> 
  <extension point="xbmc.addon.metadata">
    <summary>[COLOR lime]Il meglio da vedere sulla tua TV !!![/COLOR]</summary>
<description>[B][COLOR lime]- Add-on ufficiale di DARK_LEGION_PRODUCTION[/COLOR][/B]
    
[B][COLOR lime]- DARK_LEGION, un Add-on per tutto il mondo.[/COLOR][/B]
    
[B][COLOR lime]- Add-on DARK_LEGION e' gratuito!![/COLOR][/B]
    </description>
	<disclaimer lang="it_IT">[B][COLOR red]Dark_Legion indicizza contenuti dal WEB e la visione e la stabilità dello streaming non può essere garantita in alcun modo[/COLOR][/B]</disclaimer>
    <platform>all</platform>
	<assets>
       <icon>icon.gif</icon>
       <fanart>fanart.jpg</fanart>
       <screenshot>resources/screenshot-01.jpg</screenshot>
       <screenshot>resources/screenshot-02.jpg</screenshot>
       <screenshot>resources/screenshot-03.jpg</screenshot>
    </assets>
	<news>
[B][COLOR lime]v3.3.1 resize file[/COLOR][/B]
[B][COLOR lime]v3.3.0 nexus[/COLOR][/B]
[B][COLOR lime]- Addon DARK_LEGION in Python 3 il meglio per TV-PC-TABLET-TELEFONINO.[/COLOR][/B]
</news>
</extension>
</addon>